{
	"releaseDate" : "2020-05-03_12-00",
	"previousReleaseDate" : "2020-04-06_20-00",
	"previousReleaseLink" : "https://raw.githubusercontent.com/DSATool/DSA41BasisPlugin/master/release/DSA41Basis_2020-04-06_20-00.zip",
	"updateInfo" : "https://raw.githubusercontent.com/DSATool/DSA41BasisPlugin/master/release/update-info.json",
	"signatureProviderName" : "SunEC",
	"signatureKeyAlgorithm" : "EC",
	"signatureAlgorithm" : "SHA512withECDSA",
	"signatureKey" : "MFkwEwYHKoZIzj0CAQYIKoZIzj0DAQcDQgAEQWXA3GbfhHNK6DZQMHF6nPGV6cCsxvPpf+LyBsvvi8kcEtdi/lB4KiYHAEsAmimV+IhUl91TAYjdUUc9YyA+Yg=="
}